Workbook

Sheet About
A1: BTaDLP BAU Transmission and Distribution Loss Percentage | B1: West Virginia | C1: 46184 | I1: Alabama | J1: AL
B2: =LOOKUP(B1,I1:J50,J1:J50) -> WV | I2: Alaska | J2: AK
A3: Source: | B3: Imports and Export EIA SEDS | I3: Arizona | J3: AZ
B4: Energy Information Administration | I4: Arkansas | J4: AR
B5: 2024 | I5: California | J5: CA
B6: Example Link: https://www.eia.gov/electricity/state/virginia/state_tables.php | I6: Colorado | J6: CO
B7: Tab 10: Imports and Exports (lines 15,28) | I7: Connecticut | J7: CT
I8: Delaware | J8: DE
A9: Notes: | I9: Florida | J9: FL
A10: This variable represents the percentage difference in generation | I10: Georgia | J10: GA
A11: and delivered energy from the U.S. power system. | I11: Hawaii | J11: HI
I12: Idaho | J12: ID
I13: Illinois | J13: IL
I14: Indiana | J14: IN
I15: Iowa | J15: IA
I16: Kansas | J16: KS
I17: Kentucky | J17: KY
I18: Louisiana | J18: LA
I19: Maine | J19: ME
I20: Maryland | J20: MD
I21: Massachusetts | J21: MA
I22: Michigan | J22: MI
I23: Minnesota | J23: MN
... I50: Wyoming | J50: WY

Sheet calc
E1: Total electric industry sales | F1: =SUMIFS('EIA_State Elec Profiles'!C:C,'EIA_State Elec Profiles'!A:A,About!$B$1,'EIA_State Elec Profiles'!B:B,E1) -> 32990570 | H1: EPS Total Demand
A2: Total international imports | B2: Net interstate imports | C2: Total international exports | D2: Net interstate exports | E2: Net Imports/Exports | F2: =SUM(SUMIFS('EIA_State Elec Profiles'!C:C,'EIA_State Elec Profiles'!A:A,About!$B$1,'EIA_State Elec Profiles'!B:B,A2),SUMIFS('EIA_State Elec Profiles'!C:C,'EIA_State Elec Profiles'!A:A,About!$B$1,'EIA_State Elec Profiles'!B:B,B2))-SUM(SUMIFS('EIA_State Elec Profiles'!C:C,'EIA_State Elec Profiles'!A:A,About!$B$1,'EIA_State Elec Profiles'!B:B,C2),SUMIFS('EIA_State Elec Profiles'!C:C,'EIA_State Elec Profiles'!A:A,About!$B$1,'EIA_State Elec Profiles'!B:B,D2)) -> -15060020 | H2: Net imports
C3: Industrial and commercial generation subtotal | D3: Direct use | E3: CHP adjustment | F3: 0
A4: total net generation | E4: In State Generation | F4: =SUM(SUMIFS('EIA_State Elec Profiles'!C:C,'EIA_State Elec Profiles'!A:A,About!$B$1,'EIA_State Elec Profiles'!B:B,A4),SUMIFS('EIA_State Elec Profiles'!C:C,'EIA_State Elec Profiles'!A:A,About!$B$1,'EIA_State Elec Profiles'!B:B,B4))-SUM(SUMIFS('EIA_State Elec Profiles'!C:C,'EIA_State Elec Profiles'!A:A,About!$B$1,'EIA_State Elec Profiles'!B:B,C4),SUMIFS('EIA_State Elec Profiles'!C:C,'EIA_State Elec Profiles'!A:A,About!$B$1,'EIA_State Elec Profiles'!B:B,D4)) -> 50594818 | H4: Net generation
E5: Subtotal | F5: =F1-SUM(F2:F3) -> 48050590 | G5: =F4+F2 -> 35534798
E6: Estimated losses | F6: =SUMIFS('EIA_State Elec Profiles'!C:C,'EIA_State Elec Profiles'!A:A,About!$B$1,'EIA_State Elec Profiles'!B:B,E6) -> 1539325
E7: Unaccounted | F7: =SUMIFS('EIA_State Elec Profiles'!C:C,'EIA_State Elec Profiles'!A:A,About!$B$1,'EIA_State Elec Profiles'!B:B,E7) -> 261228
E8: Estimated losses % | F8: =SUM(F6:F7)/F1 -> 0.054577808 | G8: =F5*(1+F8) -> 50673086
E10: Net generation

Sheet EIA_State Elec Profiles
B1: Table 10. Supply and disposition of electricity, 1990 through 2024
A2: Alabama | B2: Alabama
A3: Alabama | B3: megawatthours
A4: Alabama | B4: Category | C4: Year 2024 | D4: Year 2023 | E4: Year 2022 | F4: Year 2021 | G4: Year 2020 | H4: Year 2019 | I4: Year 2018 | J4: Year 2017 | K4: Year 2016 | L4: Year 2015 | M4: Year 2014 | N4: Year 2013 | O4: Year 2012 | P4: Year 2011 | Q4: Year 2010 | R4: Year 2009 | S4: Year 2008 | T4: Year 2007 | U4: Year 2006 | V4: Year 2005 | W4: Year 2004 | X4: Year 2003 | Y4: Year 2002 | Z4: Year 2001 | AA4: Year 2000 | AB4: Year 1999 | AC4: Year 1998 | AD4: Year 1997 | AE4: Year 1996 | AF4: Year 1995 | AG4: Year 1994 | AH4: Year 1993 | AI4: Year 1992 | AJ4: Year 1991 | AK4: Year 1990
A5: Alabama | B5: Supply
A6: Alabama | B6: Generation
A7: Alabama | B7: ..Electric utilities | C7: 104914796 | D7: 97500930 | E7: 103494925 | F7: 106804340 | G7: 102357230 | H7: 102180494 | I7: 102665414 | J7: 101709381 | K7: 97991203 | L7: 107868476 | M7: 112340555 | N7: 115027021 | O7: 108425247 | P7: 118834736 | Q7: 122766490 | R7: 118781555 | S7: 128054895 | T7: 124273167 | U7: 124365180 | V7: 126303893 | W7: 124554606 | X7: 126845720 | Y7: 123739223 | Z7: 118744284 | AA7: 118037076 | AB7: 113908581 | AC7: 113393840 | AD7: 113683627 | AE7: 115093211 | AF7: 99589284 | AG7: 95171057 | AH7: 94123557 | AI7: 90792233 | AJ7: 85050801 | AK7: 76231696
A8: Alabama | B8: ..Independent power producers | C8: 32981091 | D8: 31787099 | E8: 31750036 | F8: 26941613 | G8: 27553362 | H8: 32439211 | I8: 32906202 | J8: 29571872 | K8: 35632171 | L8: 35059831 | M8: 29036222 | N8: 27383743 | O8: 35812766 | P8: 29424158 | Q8: 20923024 | R8: 15302426 | S8: 10683147 | T8: 9201656 | U8: 7103396 | V8: 4821000 | W8: 6127041 | X8: 4064709 | Y8: 2357413 | Z8: 44733 | AA8: 42291 | AB8: 48901 | AC8: 4410 | AD8: 4852 | AE8: 5847 | AF8: 7278 | AG8: 15314 | AH8: 10989 | AI8: 25233 | AJ8: 25233 | AK8: 27936
A9: Alabama | B9: ..Combined heat and power, electric | C9: 0 | D9: 5422456 | E9: 5032840 | F9: 4031284 | G9: 2848326 | H9: 3157136 | I9: 4864301 | J9: 4245625 | K9: 4506703 | L9: 5332204 | M9: 4125833 | N9: 4014623 | O9: 4393369 | P9: 3773959 | Q9: 4243149 | R9: 4605863 | S9: 2569428 | T9: 5705071 | U9: 4683179 | V9: 2173642 | W9: 1445678 | X9: 1310750 | Y9: 1458857 | Z9: 698013 | AA9: 549830 | AB9: 746941 | AC9: 842095 | AD9: 683325 | AE9: 670529 | AF9: 647195 | AG9: 692589 | AH9: 787844 | AI9: 778496 | AJ9: 786954 | AK9: 665814
A10: Alabama | B10: Electric power sector generation subtotal | C10: 137895887 | D10: 134710486 | E10: 140277801 | F10: 137777237 | G10: 132758918 | H10: 137776841 | I10: 140435917 | J10: 135526878 | K10: 138130077 | L10: 148260511 | M10: 145502610 | N10: 146425387 | O10: 148631382 | P10: 152032853 | Q10: 147932663 | R10: 138689844 | S10: 141307470 | T10: 139179894 | U10: 136151755 | V10: 133298535 | W10: 132127325 | X10: 132221179 | Y10: 127555493 | Z10: 119487030 | AA10: 118629197 | AB10: 114704423 | AC10: 114240345 | AD10: 114371803 | AE10: 115769588 | AF10: 100243757 | AG10: 95878960 | AH10: 94922390 | AI10: 91595962 | AJ10: 85862988 | AK10: 76925446
A11: Alabama | B11: ..Combined heat and power, commercial | C11: 0 | D11: 0 | E11: 0 | F11: 0 | G11: 0 | H11: 0 | I11: 0 | J11: 0 | K11: 0 | L11: 0 | M11: 0 | N11: 0 | O11: 0 | P11: 0 | Q11: 0 | R11: 0 | S11: 0 | T11: 0 | U11: 0 | V11: 0 | W11: 0 | X11: 0 | Y11: 0 | Z11: 0 | AA11: 0 | AB11: 0 | AC11: 0 | AD11: 0 | AE11: 0 | AF11: 0 | AG11: 0 | AH11: 0 | AI11: 0 | AJ11: 0 | AK11: 0
A12: Alabama | B12: ..Combined heat and power, industrial | C12: 5025329 | D12: 4724524 | E12: 4511092 | F12: 4956093 | G12: 4788458 | H12: 4902592 | I12: 4622077 | J12: 4437372 | K12: 4255021 | L12: 4216916 | M12: 3837837 | N12: 4147537 | O12: 4247306 | P12: 4306357 | Q12: 4217849 | R12: 4565712 | S12: 4562425 | T12: 4646377 | U12: 4743686 | V12: 4650046 | W12: 5227446 | X12: 5266043 | Y12: 5365177 | Z12: 5858092 | AA12: 5776146 | AB12: 5953085 | AC12: 5621779 | AD12: 5170528 | AE12: 5703321 | AF12: 4945610 | AG12: 4885299 | AH12: 4414607 | AI12: 3638459 | AJ12: 2923624 | AK12: 2726687
A13: Alabama | B13: Industrial and commercial generation subtotal | C13: 5025329 | D13: 4724524 | E13: 4511092 | F13: 4956093 | G13: 4788458 | H13: 4902592 | I13: 4622077 | J13: 4437372 | K13: 4255021 | L13: 4216916 | M13: 3837837 | N13: 4147537 | O13: 4247306 | P13: 4306357 | Q13: 4217849 | R13: 4565712 | S13: 4562425 | T13: 4646377 | U13: 4743686 | V13: 4650046 | W13: 5227446 | X13: 5266043 | Y13: 5365177 | Z13: 5858092 | AA13: 5776146 | AB13: 5953085 | AC13: 5621779 | AD13: 5170528 | AE13: 5703321 | AF13: 4945610 | AG13: 4885299 | AH13: 4414607 | AI13: 3638459 | AJ13: 2923624 | AK13: 2726687
A14: Alabama | B14: Total net generation | C14: 142921216 | D14: 139435010 | E14: 144788893 | F14: 142733330 | G14: 137547377 | H14: 142679433 | I14: 145057994 | J14: 139964250 | K14: 142385098 | L14: 152477427 | M14: 149340447 | N14: 150572924 | O14: 152878688 | P14: 156339210 | Q14: 152150512 | R14: 143255556 | S14: 145869895 | T14: 143826271 | U14: 140895441 | V14: 137948581 | W14: 137354771 | X14: 137487222 | Y14: 132920670 | Z14: 125345122 | AA14: 124405343 | AB14: 120657508 | AC14: 119862125 | AD14: 119542331 | AE14: 121472909 | AF14: 105189368 | AG14: 100764259 | AH14: 99336997 | AI14: 95234421 | AJ14: 88786611 | AK14: 79652133
A15: Alabama | B15: Total international imports | C15: 0 | D15: 0 | E15: 0 | F15: 0 | G15: 0 | H15: 0 | I15: 0 | J15: 0 | K15: 0 | L15: 0 | M15: 0 | N15: 0 | O15: 0 | P15: 0 | Q15: 0 | R15: 0 | S15: 0 | T15: 0 | U15: 0 | V15: 0 | W15: 0 | X15: 0 | Y15: 0 | Z15: 0 | AA15: 0 | AB15: 0 | AC15: 0 | AD15: 0 | AE15: 0 | AF15: 0 | AG15: 0 | AH15: 0 | AI15: 0 | AJ15: 0 | AK15: 0
A16: Alabama | B16: Net interstate imports | C16: 0 | D16: 0 | E16: 0 | F16: 0 | G16: 0 | H16: 0 | I16: 0 | J16: 0 | K16: 0 | L16: 0 | M16: 0 | N16: 0 | O16: 0 | P16: 0 | Q16: 0 | R16: 0 | S16: 0 | T16: 0 | U16: 0 | V16: 0 | W16: 0 | X16: 0 | Y16: 0 | Z16: 0 | AA16: 0 | AB16: 0 | AC16: 0 | AD16: 0 | AE16: 0 | AF16: 0 | AG16: 0 | AH16: 0 | AI16: 0 | AJ16: 0 | AK16: 0
A17: Alabama | B17: Total supply | C17: 142921216 | D17: 139435010 | E17: 144788893 | F17: 142733330 | G17: 137547377 | H17: 142679433 | I17: 145057994 | J17: 139964250 | K17: 142385098 | L17: 152477427 | M17: 149340447 | N17: 150572924 | O17: 152878688 | P17: 156339210 | Q17: 152150512 | R17: 143255556 | S17: 145869895 | T17: 143826271 | U17: 140895441 | V17: 137948581 | W17: 137354771 | X17: 137487222 | Y17: 132920670 | Z17: 125345122 | AA17: 124405343 | AB17: 120657508 | AC17: 119862125 | AD17: 119542331 | AE17: 121472909 | AF17: 105189368 | AG17: 100764259 | AH17: 99336997 | AI17: 95234421 | AJ17: 88786611 | AK17: 79652133
A18: Alabama | B18: Disposition
A19: Alabama | B19: Sales to ultimate customers
A20: Alabama | B20: ..Full service providers | C20: 87505983 | D20: 84864833 | E20: 87008967 | F20: 85567957 | G20: 83378325 | H20: 88076945 | I20: 90262480 | J20: 86240854 | K20: 88225141 | L20: 88845543 | M20: 90493727 | N20: 87852107 | O20: 86182548 | P20: 88536501 | Q20: 90862645 | R20: 82427315 | S20: 89281681 | T20: 91828464 | U20: 90677695 | V20: 89201620 | W20: 86870519 | X20: 83844220 | Y20: 83067078 | Z20: 79358258 | AA20: 83524220 | AB20: 80401079 | AC20: 79173033 | AD20: 74553869 | AE20: 73104419 | AF20: 70006764 | AG20: 67580676 | AH20: 65057675 | AI20: 62166661 | AJ20: 61227325 | AK20: 59925613
A21: Alabama | B21: ..Energy-only providers | C21: 0 | D21: 0 | E21: 0 | F21: 0 | G21: 0 | H21: 0 | I21: 0 | J21: 0 | K21: 0 | L21: 0 | M21: 0 | N21: 0 | O21: 0 | P21: 0 | Q21: 0 | R21: 0 | S21: 0 | T21: 0 | U21: 0 | V21: 0 | W21: 0 | X21: 0 | Y21: 0 | Z21: 0 | AA21: 0 | AB21: 0 | AC21: 0 | AD21: 0 | AE21: 0 | AF21: 0 | AG21: 0 | AH21: 0 | AI21: 0 | AJ21: 0 | AK21: 0
A22: Alabama | B22: ..Facility direct sales | C22: 16949 | D22: 15526 | E22: 18578 | F22: 17209 | G22: 17280 | H22: 18167 | I22: 17976 | J22: 876 | K22: 0 | L22: 0 | M22: 0 | N22: 0 | O22: 0 | P22: 458868 | Q22: 0 | R22: 417287 | S22: 425598 | T22: 0 | U22: 0 | V22: 0 | W22: 0 | X22: 0 | Y22: 0 | Z22: 0 | AA22: 0 | AB22: 0 | AC22: 0 | AD22: 0 | AE22: 0 | AF22: 0 | AG22: 0 | AH22: 0 | AI22: 0 | AJ22: 0 | AK22: 0
A23: Alabama | B23: Total electric industry sales | C23: 87522932 | D23: 84880359 | E23: 87027545 | F23: 85585166 | G23: 83395605 | H23: 88095112 | I23: 90280456 | J23: 86241730 | K23: 88225141 | L23: 88845543 | M23: 90493727 | N23: 87852107 | O23: 86182548 | P23: 88995369 | Q23: 90862645 | R23: 82844602 | S23: 89707279 | T23: 91828464 | U23: 90677695 | V23: 89201620 | W23: 86870519 | X23: 83844220 | Y23: 83067078 | Z23: 79358258 | AA23: 83524220 | AB23: 80401079 | AC23: 79173033 | AD23: 74553869 | AE23: 73104419 | AF23: 70006764 | AG23: 67580676 | AH23: 65057675 | AI23: 62166661 | AJ23: 61227325 | AK23: 59925613
A24: Alabama | B24: Direct use | C24: 5244160 | D24: 5491093 | E24: 4896466 | F24: 5344337 | G24: 5110676 | H24: 5159502 | I24: 5037015 | J24: 4928261 | K24: 4586964 | L24: 4551804 | M24: 5000379 | N24: 4608062 | O24: 5286916 | P24: 5157007 | Q24: 5007573 | R24: 4827750 | S24: 4726425 | T24: 4620025 | U24: 6209972 | V24: 3540326 | W24: 6487857 | X24: 6481099 | Y24: 6399833 | Z24: 6263673 | AA24: 6277371 | AB24: 6668570 | AC24: 6441674 | AD24: 5827652 | AE24: 6339694 | AF24: 5553211 | AG24: 5524010 | AH24: 5174420 | AI24: 4379722 | AJ24: 3667285 | AK24: 3379559
A25: Alabama | B25: Total international exports | C25: 0 | D25: 0 | E25: 0 | F25: 0 | G25: 0 | H25: 0 | I25: 0 | J25: 0 | K25: 0 | L25: 0 | M25: 0 | N25: 0 | O25: 0 | P25: 0 | Q25: 0 | R25: 0 | S25: 0 | T25: 0 | U25: 0 | V25: 0 | W25: 0 | X25: 0 | Y25: 0 | Z25: 0 | AA25: 0 | AB25: 0 | AC25: 0 | AD25: 0 | AE25: 0 | AF25: 0 | AG25: 0 | AH25: 0 | AI25: 0 | AJ25: 0 | AK25: 0
A26: Alabama | B26: Estimated losses | C26: 4083781 | D26: 3759111 | E26: 4707447 | F26: 4026481 | G26: 4644657 | H26: 4776859 | I26: 4656454 | J26: 4691415 | K26: 4604565 | L26: 4432118 | M26: 4712003 | N26: 4719383 | O26: 4667126 | P26: 5499347 | Q26: 5613291 | R26: 5273674 | S26: 5714398 | T26: 5812051 | U26: 5879439 | V26: 5961856 | W26: 6365524 | X26: 6156524 | Y26: 6230830 | Z26: 6206090 | AA26: 6496787 | AB26: 6307636 | AC26: 5629812 | AD26: 5621134 | AE26: 5674489 | AF26: 5343282 | AG26: 5133856 | AH26: 5206804 | AI26: 4914509 | AJ26: 4701328 | AK26: 4549600
A27: Alabama | B27: Unaccounted | C27: 693029 | D27: 430643 | E27: -157254 | F27: 546608 | G27: -125281 | H27: 219933 | I27: 564398 | J27: 601020 | K27: 1094734 | L27: 1384712 | M27: 1170058 | N27: 1325273 | O27: 1473752 | P27: 563791 | Q27: 797298 | R27: 746799 | S27: 1171515 | T27: 1463528 | U27: 0 | V27: 0 | W27: 0 | X27: 0 | Y27: 0 | Z27: 0 | AA27: 0 | AB27: 0 | AC27: 0 | AD27: 0 | AE27: 0 | AF27: 0 | AG27: 0 | AH27: 0 | AI27: 0 | AJ27: 0 | AK27: 0
A28: Alabama | B28: Net interstate exports | C28: 45377314 | D28: 44873804 | E28: 48314688 | F28: 47230739 | G28: 44521720 | H28: 44428027 | I28: 44519671 | J28: 43501825 | K28: 43873694 | L28: 53263250 | M28: 47964280 | N28: 52068099 | O28: 55268345 | P28: 56123696 | Q28: 49869705 | R28: 49562730 | S28: 44550279 | T28: 40102203 | U28: 39995621 | V28: 38526487 | W28: 39822338 | X28: 44129506 | Y28: 40454195 | Z28: 37513134 | AA28: 30759648 | AB28: 30252413 | AC28: 31423683 | AD28: 35978305 | AE28: 39351180 | AF28: 26383323 | AG28: 24963948 | AH28: 26034116 | AI28: 25273664 | AJ28: 20206571 | AK28: 12515999
A29: Alabama | B29: Total disposition | C29: 142921216 | D29: 139435010 | E29: 144788893 | F29: 142733330 | G29: 137547377 | H29: 142679433 | I29: 145057994 | J29: 139964250 | K29: 142385098 | L29: 152477427 | M29: 149340447 | N29: 150572924 | O29: 152878688 | P29: 156339210 | Q29: 152150512 | R29: 143255556 | S29: 145869895 | T29: 143826271 | U29: 140895441 | V29: 137948581 | W29: 137354771 | X29: 137487222 | Y29: 132920670 | Z29: 125345122 | AA29: 124405343 | AB29: 120657508 | AC29: 119862125 | AD29: 119542331 | AE29: 121472909 | AF29: 105189368 | AG29: 100764259 | AH29: 99336997 | AI29: 95234421 | AJ29: 88786611 | AK29: 79652133
A30: Alabama | B30: Net interstate trade | C30: 45377314 | D30: 44873804 | E30: 48314688 | F30: 47230739 | G30: 44521720 | H30: 44428027 | I30: 44519671 | J30: 43501825 | K30: 43873694 | L30: 53263250 | M30: 47964280 | N30: 52068099 | O30: 55268345 | P30: 56123696 | Q30: 49869705 | R30: 49562730 | S30: 44550279 | T30: 40102203 | U30: 39995621 | V30: 38526487 | W30: 39822338 | X30: 44129506 | Y30: 40454195 | Z30: 37513134 | AA30: 30759648 | AB30: 30252413 | AC30: 31423683 | AD30: 35978305 | AE30: 39351180 | AF30: 26383323 | AG30: 24963948 | AH30: 26034116 | AI30: 25273664 | AJ30: 20206571 | AK30: 12515999
A31: Alabama | B31: Net trade index (ratio) | C31: 1.47 | D31: 1.47 | E31: 1.5 | F31: 1.49 | G31: 1.48 | H31: 1.45 | I31: 1.44 | J31: 1.45 | K31: 1.45 | L31: 1.54 | M31: 1.47 | N31: 1.53 | O31: 1.57 | P31: 1.56 | Q31: 1.49 | R31: 1.53 | S31: 1.44 | T31: 1.39 | U31: 1.4 | V31: 1.39 | W31: 1.41 | X31: 1.47 | Y31: 1.44 | Z31: 1.43 | AA31: 1.33 | AB31: 1.33 | AC31: 1.36 | AD31: 1.43 | AE31: 1.48 | AF31: 1.33 | AG31: 1.33 | AH31: 1.36 | AI31: 1.36 | AJ31: 1.29 | AK31: 1.19
A32: Alaska | B32: Alaska
A33: Alaska | B33: megawatthours
A34: Alaska | B34: Category | C34: Year 2024 | D34: Year 2023 | E34: Year 2022 | F34: Year 2021 | G34: Year 2020 | H34: Year 2019 | I34: Year 2018 | J34: Year 2017 | K34: Year 2016 | L34: Year 2015 | M34: Year 2014 | N34: Year 2013 | O34: Year 2012 | P34: Year 2011 | Q34: Year 2010 | R34: Year 2009 | S34: Year 2008 | T34: Year 2007 | U34: Year 2006 | V34: Year 2005 | W34: Year 2004 | X34: Year 2003 | Y34: Year 2002 | Z34: Year 2001 | AA34: Year 2000 | AB34: Year 1999 | AC34: Year 1998 | AD34: Year 1997 | AE34: Year 1996 | AF34: Year 1995 | AG34: Year 1994 | AH34: Year 1993 | AI34: Year 1992 | AJ34: Year 1991 | AK34: Year 1990
A35: Alaska | B35: Supply
A36: Alaska | B36: Generation
A37: Alaska | B37: ..Electric utilities | C37: 6020426 | D37: 6022622 | E37: 6032387 | F37: 5910717 | G37: 5596841 | H37: 5447446 | I37: 5575087 | J37: 5822931 | K37: 5649381 | L37: 5746428 | M37: 5509991 | N37: 5851727 | O37: 6361802 | P37: 6273844 | Q37: 6205050 | R37: 6166762 | S37: 6262148 | T37: 6146078 | U37: 6068520 | V37: 5946148 | W37: 5866420 | X37: 5673462 | Y37: 5471990 | Z37: 5416191 | AA37: 4937687 | AB37: 4609315 | AC37: 4590270 | AD37: 5108003 | AE37: 4982268 | AF37: 4846922 | AG37: 4762116 | AH37: 4581047 | AI37: 4167054 | AJ37: 4286431 | AK37: 4493024
A38: Alaska | B38: ..Independent power producers | C38: 61020 | D38: 50309 | E38: 58398 | F38: 45413 | G38: 53831 | H38: 55971 | I38: 56327 | J38: 50322 | K38: 60468 | L38: 54562 | M38: 52313 | N38: 46384 | O38: 18124 | P38: 0 | Q38: 0 | R38: 0 | S38: 0 | T38: 80133 | U38: 0 | V38: 0 | W38: 0 | X38: 0 | Y38: 0 | Z38: 0 | AA38: 0 | AB38: 0 | AC38: 0 | AD38: 0 | AE38: 0 | AF38: 0 | AG38: 0 | AH38: 0 | AI38: 0 | AJ38: 0 | AK38: 0
A39: Alaska | B39: ..Combined heat and power, electric | C39: 121336 | D39: 143360 | E39: 149377 | F39: 177115 | G39: 188212 | H39: 186691 | I39: 177819 | J39: 180906 | K39: 191982 | L39: 198296 | M39: 191062 | N39: 187843 | O39: 201405 | P39: 209150 | Q39: 204196 | R39: 209379 | S39: 177106 | T39: 210155 | U39: 187376 | V39: 173942 | W39: 182145 | X39: 162478 | Y39: 243668 | Z39: 237307 | AA39: 223962 | AB39: 226975 | AC39: 211373 | AD39: 0 | AE39: 0 | AF39: 0 | AG39: 0 | AH39: 0 | AI39: 0 | AJ39: 0 | AK39: 0
A40: Alaska | B40: Electric power sector generation subtotal | C40: 6202782 | D40: 6216291 | E40: 6240162 | F40: 6133245 | G40: 5838884 | H40: 5690108 | I40: 5809233 | J40: 6054159 | K40: 5901831 | L40: 5999286 | M40: 5753366 | N40: 6085954 | O40: 6581331 | P40: 6482994 | Q40: 6409246 | R40: 6376141 | S40: 6439254 | T40: 6436366 | U40: 6255896 | V40: 6120090 | W40: 6048565 | X40: 5835940 | Y40: 5715658 | Z40: 5653498 | AA40: 5161649 | AB40: 4836290 | AC40: 4801643 | AD40: 5108003 | AE40: 4982268 | AF40: 4846922 | AG40: 4762116 | AH40: 4581047 | AI40: 4167054 | AJ40: 4286431 | AK40: 4493024
A41: Alaska | B41: ..Combined heat and power, commercial | C41: 395009 | D41: 384137 | E41: 339375 | F41: 352265 | G41: 319885 | H41: 264992 | I41: 328028 | J41: 335453 | K41: 321729 | L41: 164763 | M41: 171906 | N41: 300144 | O41: 277858 | P41: 275338 | Q41: 234386 | R41: 216819 | S41: 225098 | T41: 237621 | U41: 230541 | V41: 245324 | W41: 269105 | X41: 229859 | Y41: 156311 | Z41: 153358 | AA41: 146670 | AB41: 152551 | AC41: 150828 | AD41: 225346 | AE41: 208927 | AF41: 229840 | AG41: 219421 | AH41: 211513 | AI41: 216258 | AJ41: 204537 | AK41: 265533
A42: Alaska | B42: ..Combined heat and power, industrial | C42: 92715 | D42: 117398 | E42: 114591 | F42: 110308 | G42: 117672 | H42: 115743 | I42: 110098 | J42: 107854 | K42: 111473 | L42: 120889 | M42: 117558 | N42: 110723 | O42: 87230 | P42: 112700 | Q42: 115944 | R42: 109199 | S42: 110483 | T42: 147405 | U42: 187760 | V42: 211245 | W42: 209047 | X42: 272934 | Y42: 895356 | Z42: 936914 | AA42: 848205 | AB42: 813467 | AC42: 876375 | AD42: 821497 | AE42: 937696 | AF42: 949354 | AG42: 984978 | AH42: 928717 | AI42: 915112 | AJ42: 898860 | AK42: 840950
A43: Alaska | B43: Industrial and commercial generation subtotal | C43: 487724 | D43: 501534 | E43: 453966 | F43: 462573 | G43: 437557 | H43: 380735 | I43: 438126 | J43: 443307 | K43: 433202 | L43: 285652 | M43: 289464 | N43: 410868 | O43: 365088 | P43: 388039 | Q43: 350330 | R43: 326019 | S43: 335581 | T43: 385025 | U43: 418301 | V43: 456569 | W43: 478152 | X43: 502793 | Y43: 1051667 | Z43: 1090272 | AA43: 994875 | AB43: 966017 | AC43: 1027202 | AD43: 1046843 | AE43: 1146624 | AF43: 1179194 | AG43: 1204399 | AH43: 1140231 | AI43: 1131370 | AJ43: 1103397 | AK43: 1106482
A44: Alaska | B44: Total net generation | C44: 6690506 | D44: 6717825 | E44: 6694128 | F44: 6595818 | G44: 6276441 | H44: 6070843 | I44: 6247359 | J44: 6497466 | K44: 6335034 | L44: 6284937 | M44: 6042830 | N44: 6496822 | O44: 6946419 | P44: 6871033 | Q44: 6759576 | R44: 6702159 | S44: 6774834 | T44: 6821392 | U44: 6674197 | V44: 6576659 | W44: 6526717 | X44: 6338732 | Y44: 6767325 | Z44: 6743770 | AA44: 6156525 | AB44: 5802307 | AC44: 5828845 | AD44: 6154846 | AE44: 6128892 | AF44: 6026116 | AG44: 5966515 | AH44: 5721278 | AI44: 5298424 | AJ44: 5389828 | AK44: 5599506
A45: Alaska | B45: Total international imports | C45: 0 | D45: 0 | E45: 0 | F45: 0 | G45: 0 | H45: 0 | I45: 630 | J45: 786 | K45: 215 | L45: 0 | M45: 0 | N45: 680 | O45: 1272 | P45: 1137 | Q45: 1057 | R45: 1208 | S45: 1230 | T45: 1301 | U45: 1239 | V45: 1303 | W45: 1180 | X45: 1159 | Y45: 940 | Z45: 1238 | AA45: 1247 | AB45: 1412 | AC45: 992 | AD45: 1629 | AE45: 1185 | AF45: 1102 | AG45: 1309 | AH45: 1322 | AI45: 530 | AJ45: 663 | AK45: 909
A46: Alaska | B46: Net interstate imports | C46: 0 | D46: 0 | E46: 0 | F46: 0 | G46: 0 | H46: 0 | I46: 0 | J46: 0 | K46: 0 | L46: 0 | M46: 0 | N46: 0 | O46: 0 | P46: 0 | Q46: 0 | R46: 0 | S46: 0 | T46: 0 | U46: 0 | V46: 0 | W46: 0 | X46: 0 | Y46: 0 | Z46: 0 | AA46: 0 | AB46: 0 | AC46: 0 | AD46: 0 | AE46: 0 | AF46: 0 | AG46: 0 | AH46: 0 | AI46: 0 | AJ46: 0 | AK46: 0
A47: Alaska | B47: Total supply | C47: 6690506 | D47: 6717825 | E47: 6694128 | F47: 6595818 | G47: 6276441 | H47: 6070843 | I47: 6247989 | J47: 6498252 | K47: 6335249 | L47: 6284937 | M47: 6042830 | N47: 6497502 | O47: 6947691 | P47: 6872170 | Q47: 6760633 | R47: 6703367 | S47: 6776064 | T47: 6822693 | U47: 6675436 | V47: 6577962 | W47: 6527897 | X47: 6339891 | Y47: 6768265 | Z47: 6745008 | AA47: 6157772 | AB47: 5803719 | AC47: 5829837 | AD47: 6156475 | AE47: 6130077 | AF47: 6027218 | AG47: 5967824 | AH47: 5722600 | AI47: 5298954 | AJ47: 5390491 | AK47: 5600415
A48: Alaska | B48: Disposition
A49: Alaska | B49: Sales to ultimate customers
A50: Alaska | B50: ..Full service providers | C50: 6046503 | D50: 6024551 | E50: 6002080 | F50: 5969339 | G50: 5917577 | H50: 5818805 | I50: 5972467 | J50: 6185799 | K50: 6123202 | L50: 6159204 | M50: 6164812 | N50: 6268212 | O50: 6416411 | P50: 6319540 | Q50: 6247038 | R50: 6270171 | S50: 6325944 | T50: 6326610 | U50: 6182291 | V50: 5912571 | W50: 5788484 | X50: 5563682 | Y50: 5465489 | Z50: 5454080 | AA50: 5309970 | AB50: 5292615 | AC50: 5094584 | AD50: 4840529 | AE50: 4779562 | AF50: 4631830 | AG50: 4533379 | AH50: 4374627 | AI50: 4338934 | AJ50: 4255713 | AK50: 4253840
A51: Alaska | B51: ..Energy-only providers | C51: 0 | D51: 0 | E51: 0 | F51: 0 | G51: 0 | H51: 0 | I51: 0 | J51: 0 | K51: 0 | L51: 0 | M51: 0 | N51: 0 | O51: 0 | P51: 0 | Q51: 0 | R51: 0 | S51: 0 | T51: 0 | U51: 0 | V51: 0 | W51: 0 | X51: 0 | Y51: 0 | Z51: 0 | AA51: 0 | AB51: 0 | AC51: 0 | AD51: 0 | AE51: 0 | AF51: 0 | AG51: 0 | AH51: 0 | AI51: 0 | AJ51: 0 | AK51: 0
A52: Alaska | B52: ..Facility direct sales | C52: 0 | D52: 47 | E52: 0 | F52: 0 | G52: 0 | H52: 0 | I52: 0 | J52: 0 | K52: 0 | L52: 0 | M52: 0 | N52: 0 | O52: 0 | P52: 0 | Q52: 0 | R52: 0 | S52: 0 | T52: 0 | U52: 0 | V52: 0 | W52: 0 | X52: 0 | Y52: 0 | Z52: 0 | AA52: 0 | AB52: 0 | AC52: 0 | AD52: 0 | AE52: 0 | AF52: 0 | AG52: 0 | AH52: 0 | AI52: 0 | AJ52: 0 | AK52: 0
A53: Alaska | B53: Total electric industry sales | C53: 6046503 | D53: 6024598 | E53: 6002080 | F53: 5969339 | G53: 5917577 | H53: 5818805 | I53: 5972467 | J53: 6185799 | K53: 6123202 | L53: 6159204 | M53: 6164812 | N53: 6268212 | O53: 6416411 | P53: 6319540 | Q53: 6247038 | R53: 6270171 | S53: 6325944 | T53: 6326610 | U53: 6182291 | V53: 5912571 | W53: 5788484 | X53: 5563682 | Y53: 5465489 | Z53: 5454080 | AA53: 5309970 | AB53: 5292615 | AC53: 5094584 | AD53: 4840529 | AE53: 4779562 | AF53: 4631830 | AG53: 4533379 | AH53: 4374627 | AI53: 4338934 | AJ53: 4255713 | AK53: 4253840
A54: Alaska | B54: Direct use | C54: 228890 | D54: 257915 | E54: 253661 | F54: 255217 | G54: 265880 | H54: 243980 | I54: 236992 | J54: 232275 | K54: 251325 | L54: 256321 | M54: 253513 | N54: 260693 | O54: 354337 | P54: 377445 | Q54: 342426 | R54: 337332 | S54: 328146 | T54: 266640 | U54: 289065 | V54: 329542 | W54: 1079118 | X54: 1077994 | Y54: 1064477 | Z54: 1041829 | AA54: 1069864 | AB54: 1050726 | AC54: 1104129 | AD54: 1045859 | AE54: 1145441 | AF54: 1163688 | AG54: 1186222 | AH54: 1124748 | AI54: 1130361 | AJ54: 1102388 | AK54: 1106473
A55: Alaska | B55: Total international exports | C55: 0 | D55: 0 | E55: 0 | F55: 0 | G55: 0 | H55: 0 | I55: 0 | J55: 0 | K55: 0 | L55: 0 | M55: 0 | N55: 0 | O55: 0 | P55: 0 | Q55: 0 | R55: 0 | S55: 0 | T55: 0 | U55: 0 | V55: 0 | W55: 0 | X55: 0 | Y55: 0 | Z55: 0 | AA55: 0 | AB55: 0 | AC55: 0 | AD55: 0 | AE55: 0 | AF55: 0 | AG55: 0 | AH55: 0 | AI55: 0 | AJ55: 0 | AK55: 0
A56: Alaska | B56: Estimated losses | C56: 282127 | D56: 266812 | E56: 324661 | F56: 280836 | G56: 329575 | H56: 315518 | I56: 308046 | J56: 336498 | K56: 319577 | L56: 307256 | M56: 321001 | N56: 336726 | O56: 347474 | P56: 390507 | Q56: 385928 | R56: 399143 | S56: 402966 | T56: 400427 | U56: 400853 | V56: 395171 | W56: 424157 | X56: 408531 | Y56: 409964 | Z56: 426528 | AA56: 413027 | AB56: 415217 | AC56: 362264 | AD56: 364961 | AE56: 370998 | AF56: 353526 | AG56: 344384 | AH56: 350118 | AI56: 343009 | AJ56: 326774 | AK56: 322955
A57: Alaska | B57: Unaccounted | C57: 132986 | D57: 168500 | E57: 113726 | F57: 90426 | G57: -236591 | H57: -307460 | I57: -269516 | J57: -256320 | K57: -358855 | L57: -437844 | M57: -696497 | N57: -368129 | O57: -170531 | P57: -215323 | Q57: -214759 | R57: -303279 | S57: -280991 | T57: -170984 | U57: 0 | V57: 0 | W57: 0 | X57: 0 | Y57: 0 | Z57: 0 | AA57: 0 | AB57: 0 | AC57: 0 | AD57: 0 | AE57: 0 | AF57: 0 | AG57: 0 | AH57: 0 | AI57: 0 | AJ57: 0 | AK57: 0
A58: Alaska | B58: Net interstate exports | C58: 0 | D58: 0 | E58: 0 | F58: 0 | G58: 0 | H58: 0 | I58: 0 | J58: 0 | K58: 0 | L58: 0 | M58: 0 | N58: 0 | O58: 0 | P58: 0 | Q58: 0 | R58: 0 | S58: 0 | T58: 0 | U58: 0 | V58: 0 | W58: 0 | X58: 0 | Y58: 0 | Z58: 0 | AA58: 0 | AB58: 0 | AC58: 0 | AD58: 0 | AE58: 0 | AF58: 0 | AG58: 0 | AH58: 0 | AI58: 0 | AJ58: 0 | AK58: 0
A59: Alaska | B59: Total disposition | C59: 6690506 | D59: 6717825 | E59: 6694128 | F59: 6595818 | G59: 6276441 | H59: 6070843 | I59: 6247989 | J59: 6498252 | K59: 6335249 | L59: 6284937 | M59: 6042830 | N59: 6497502 | O59: 6947691 | P59: 6872170 | Q59: 6760633 | R59: 6703367 | S59: 6776064 | T59: 6822693 | U59: 6675436 | V59: 6577962 | W59: 6527897 | X59: 6339891 | Y59: 6768265 | Z59: 6745008 | AA59: 6157772 | AB59: 5803719 | AC59: 5829837 | AD59: 6156475 | AE59: 6130077 | AF59: 6027218 | AG59: 5967824 | AH59: 5722600 | AI59: 5298954 | AJ59: 5390491 | AK59: 5600415
A60: Alaska | B60: Net interstate trade | C60: 0 | D60: 0 | E60: 0 | F60: 0 | G60: 0 | H60: 0 | I60: 0 | J60: 0 | K60: 0 | L60: 0 | M60: 0 | N60: 0 | O60: 0 | P60: 0 | Q60: 0 | R60: 0 | S60: 0 | T60: 0 | U60: 0 | V60: 0 | W60: 0 | X60: 0 | Y60: 0 | Z60: 0 | AA60: 0 | AB60: 0 | AC60: 0 | AD60: 0 | AE60: 0 | AF60: 0 | AG60: 0 | AH60: 0 | AI60: 0 | AJ60: 0 | AK60: 0
A61: Alaska | B61: Net trade index (ratio) | C61: 1 | D61: 1 | E61: 1 | F61: 1 | G61: 1 | H61: 1 | I61: 1 | J61: 1 | K61: 1 | L61: 1 | M61: 1 | N61: 1 | O61: 1 | P61: 1 | Q61: 1 | R61: 1 | S61: 1 | T61: 1 | U61: 1 | V61: 1 | W61: 1 | X61: 1 | Y61: 1 | Z61: 1 | AA61: 1 | AB61: 1 | AC61: 1 | AD61: 1 | AE61: 1 | AF61: 1 | AG61: 1 | AH61: 1 | AI61: 1 | AJ61: 1 | AK61: 1
A62: Arizona | B62: Arizona
A63: Arizona | B63: megawatthours
A64: Arizona | B64: Category | C64: Year 2024 | D64: Year 2023 | E64: Year 2022 | F64: Year 2021 | G64: Year 2020 | H64: Year 2019 | I64: Year 2018 | J64: Year 2017 | K64: Year 2016 | L64: Year 2015 | M64: Year 2014 | N64: Year 2013 | O64: Year 2012 | P64: Year 2011 | Q64: Year 2010 | R64: Year 2009 | S64: Year 2008 | T64: Year 2007 | U64: Year 2006 | V64: Year 2005 | W64: Year 2004 | X64: Year 2003 | Y64: Year 2002 | Z64: Year 2001 | AA64: Year 2000 | AB64: Year 1999 | AC64: Year 1998 | AD64: Year 1997 | AE64: Year 1996 | AF64: Year 1995 | AG64: Year 1994 | AH64: Year 1993 | AI64: Year 1992 | AJ64: Year 1991 | AK64: Year 1990
A65: Arizona | B65: Supply
A66: Arizona | B66: Generation
A67: Arizona | B67: ..Electric utilities | C67: 86748533 | D67: 86637418 | E67: 82574368 | F67: 86412437 | G67: 91617412 | H67: 96645476 | I67: 98448117 | J67: 91623406 | K67: 89821938 | L67: 94379325 | M67: 94847135 | N67: 92740582 | O67: 92799750 | P67: 94061752 | Q67: 91232664 | R67: 89640192 | S67: 94452931 | T67: 88825573 | U67: 84355976 | V67: 82914964 | W67: 81351521 | X67: 80348246 | Y67: 81710063 | Z67: 85807868 | AA67: 88149792 | AB67: 83095924 | AC67: 81299241 | AD67: 78060498 | AE67: 70877043 | AF67: 68966538 | AG67: 71203728 | AH67: 68025039 | AI67: 70108979 | AJ67: 66767347 | AK67: 62288980
A68: Arizona | B68: ..Independent power producers | C68: 29057435 | D68: 24867730 | E68: 21904698 | F68: 21988689 | G68: 17430377 | H68: 16694568 | I68: 13282000 | J68: 14048853 | K68: 18765113 | L68: 18584104 | M68: 17192448 | N68: 20236010 | O68: 17707505 | P68: 13616317 | Q68: 19953866 | R68: 21713272 | S68: 24216673 | T68: 22209365 | U68: 17616522 | V68: 16390466 | W68: 20891079 | X68: 11851148 | Y68: 10954286 | Z68: 3289871 | AA68: 0 | AB68: 0 | AC68: 0 | AD68: 0 | AE68: 0 | AF68: 0 | AG68: 0 | AH68: 0 | AI68: 0 | AJ68: 0 | AK68: 0
A69: Arizona | B69: ..Combined heat and power, electric | C69: 34036 | D69: 149275 | E69: 47179 | F69: 52607 | G69: 108528 | H69: 59620 | I69: 41296 | J69: 13363 | K69: 11206 | L69: 27171 | M69: 61811 | N69: 191953 | O69: 83912 | P69: 82838 | Q69: 187909 | R69: 301143 | S69: 370153 | T69: 1853067 | U69: 1959088 | V69: 1688843 | W69: 1873640 | X69: 1823205 | Y69: 1153078 | Z69: 458816 | AA69: 424752 | AB69: 434337 | AC69: 410095 | AD69: 382526 | AE69: 388256 | AF69: 398613 | AG69: 271485 | AH69: 0 | AI69: 0 | AJ69: 0 | AK69: 0
A70: Arizona | B70: Electric power sector generation subtotal | C70: 115840004 | D70: 111654423 | E70: 104526245 | F70: 108453733 | G70: 109156317 | H70: 113399664 | I70: 111771413 | J70: 105685622 | K70: 108598257 | L70: 112990600 | M70: 112101393 | N70: 113168544 | O70: 110591167 | P70: 107760907 | Q70: 111374439 | R70: 111654607 | S70: 119039757 | T70: 112888005 | U70: 103931586 | V70: 100994273 | W70: 104116240 | X70: 94022599 | Y70: 93817428 | Z70: 89556555 | AA70: 88574544 | AB70: 83530261 | AC70: 81709336 | AD70: 78443024 | AE70: 71265299 | AF70: 69365151 | AG70: 71475213 | AH70: 68025039 | AI70: 70108979 | AJ70: 66767347 | AK70: 62288980
A71: Arizona | B71: ..Combined heat and power, commercial | C71: 152660 | D71: 150807 | E71: 153927 | F71: 150887 | G71: 148740 | H71: 152323 | I71: 153732 | J71: 166143 | K71: 165193 | L71: 151447 | M71: 155794 | N71: 157442 | O71: 120974 | P71: 68293 | Q71: 72359 | R71: 71842 | S71: 69505 | T71: 70600 | U71: 72208 | V71: 71835 | W71: 51264 | X71: 17433 | Y71: 18397 | Z71: 22802 | AA71: 25338 | AB71: 36167 | AC71: 20228 | AD71: 18785 | AE71: 21728 | AF71: 31967 | AG71: 33827 | AH71: 31290 | AI71: 30083 | AJ71: 13441 | AK71: 30083
A72: Arizona | B72: ..Combined heat and power, industrial | C72: 33847 | D72: 33506 | E72: 18601 | F72: 0 | G72: 0 | H72: 0 | I72: 0 | J72: 0 | K72: 0 | L72: 0 | M72: 0 | N72: 0 | O72: 192852 | P72: 296157 | Q72: 304160 | R72: 244801 | S72: 349910 | T72: 382365 | U72: 388734 | V72: 412546 | W72: 396639 | X72: 356186 | Y72: 295841 | Z72: 331913 | AA72: 346695 | AB72: 326745 | AC72: 365506 | AD72: 363392 | AE72: 367791 | AF72: 383822 | AG72: 425457 | AH72: 412657 | AI72: 413665 | AJ72: 421763 | AK72: 455232
A73: Arizona | B73: Industrial and commercial generation subtotal | C73: 186507 | D73: 184313 | E73: 172528 | F73: 150887 | G73: 148740 | H73: 152323 | I73: 153732 | J73: 166143 | K73: 165193 | L73: 151447 | M73: 155794 | N73: 157442 | O73: 313826 | P73: 364450 | Q73: 376519 | R73: 316643 | S73: 419415 | T73: 452966 | U73: 460943 | V73: 484381 | W73: 447903 | X73: 373619 | Y73: 314238 | Z73: 354715 | AA73: 372033 | AB73: 362912 | AC73: 385735 | AD73: 382177 | AE73: 389519 | AF73: 415789 | AG73: 459283 | AH73: 443947 | AI73: 443748 | AJ73: 435203 | AK73: 485315
A74: Arizona | B74: Total net generation | C74: 116026511 | D74: 111838736 | E74: 104698773 | F74: 108604620 | G74: 109305057 | H74: 113551987 | I74: 111925144 | J74: 105851765 | K74: 108763449 | L74: 113142048 | M74: 112257187 | N74: 113325986 | O74: 110904994 | P74: 108125357 | Q74: 111750957 | R74: 111971250 | S74: 119459172 | T74: 113340970 | U74: 104392528 | V74: 101478654 | W74: 104564143 | X74: 94396218 | Y74: 94131666 | Z74: 89911270 | AA74: 88946578 | AB74: 83893173 | AC74: 82095071 | AD74: 78825201 | AE74: 71654818 | AF74: 69780940 | AG74: 71934496 | AH74: 68468986 | AI74: 70552727 | AJ74: 67202550 | AK74: 62774295
A75: Arizona | B75: Total international imports | C75: 0 | D75: 0 | E75: 0 | F75: 0 | G75: 0 | H75: 0 | I75: 69643 | J75: 60613 | K75: 134053 | L75: 18339 | M75: 58348 | N75: 33363 | O75: 83320 | P75: 497461 | Q75: 248887 | R75: 122984 | S75: 87916 | T75: 223213 | U75: 127546 | V75: 103114 | W75: 171330 | X75: 55185 | Y75: 82646 | Z75: 54954 | AA75: 47217 | AB75: 0 | AC75: 4000 | AD75: 163200 | AE75: 0 | AF75: 336516 | AG75: 21 | AH75: 0 | AI75: 0 | AJ75: 108577 | AK75: 0
A76: Arizona | B76: Net interstate imports | C76: 0 | D76: 0 | E76: 0 | F76: 0 | G76: 0 | H76: 0 | I76: 0 | J76: 0 | K76: 0 | L76: 0 | M76: 0 | N76: 0 | O76: 0 | P76: 0 | Q76: 0 | R76: 0 | S76: 0 | T76: 0 | U76: 0 | V76: 0 | W76: 0 | X76: 0 | Y76: 0 | Z76: 0 | AA76: 0 | AB76: 0 | AC76: 0 | AD76: 0 | AE76: 0 | AF76: 0 | AG76: 0 | AH76: 0 | AI76: 0 | AJ76: 0 | AK76: 0
A77: Arizona | B77: Total supply | C77: 116026511 | D77: 111838736 | E77: 104698773 | F77: 108604620 | G77: 109305057 | H77: 113551987 | I77: 111994787 | J77: 105912378 | K77: 108897502 | L77: 113160387 | M77: 112315535 | N77: 113359349 | O77: 110988314 | P77: 108622818 | Q77: 111999844 | R77: 112094234 | S77: 119547088 | T77: 113564183 | U77: 104520074 | V77: 101581768 | W77: 104735473 | X77: 94451403 | Y77: 94214312 | Z77: 89966224 | AA77: 88993795 | AB77: 83893173 | AC77: 82099071 | AD77: 78988401 | AE77: 71654818 | AF77: 70117456 | AG77: 71934517 | AH77: 68468986 | AI77: 70552727 | AJ77: 67311127 | AK77: 62774295
A78: Arizona | B78: Disposition
A79: Arizona | B79: Sales to ultimate customers
A80: Arizona | B80: ..Full service providers | C80: 90104482 | D80: 85841084 | E80: 84117184 | F80: 81133233 | G80: 81867671 | H80: 77845738 | I80: 78268262 | J80: 77573510 | K80: 78175106 | L80: 77295498 | M80: 76212485 | N80: 75558108 | O80: 75037154 | P80: 74935850 | Q80: 72831737 | R80: 73432929 | S80: 76267916 | T80: 77193206 | U80: 73252776 | V80: 69390686 | W80: 66933251 | X80: 64079560 | Y80: 62600737 | Z80: 62274304 | AA80: 61000875 | AB80: 57661946 | AC80: 55843277 | AD80: 54455835 | AE80: 52084539 | AF80: 48588969 | AG80: 47282035 | AH80: 44407854 | AI80: 43651272 | AJ80: 41848417 | AK80: 41469585
A81: Arizona | B81: ..Energy-only providers | C81: 0 | D81: 0 | E81: 0 | F81: 0 | G81: 0 | H81: 0 | I81: 0 | J81: 0 | K81: 0 | L81: 0 | M81: 0 | N81: 0 | O81: 0 | P81: 0 | Q81: 0 | R81: 0 | S81: 0 | T81: 0 | U81: 0 | V81: 0 | W81: 0 | X81: 0 | Y81: 0 | Z81: 7450 | AA81: 129170 | AB81: 0 | AC81: 0 | AD81: 0 | AE81: 0 | AF81: 0 | AG81: 0 | AH81: 0 | AI81: 0 | AJ81: 0 | AK81: 0
A82: Arizona | B82: ..Facility direct sales | C82: 738806 | D82: 77714 | E82: 79333 | F82: 86757 | G82: 92403 | H82: 83432 | I82: 78040 | J82: 72752 | K82: 62722 | L82: 53918 | M82: 85200 | N82: 103929 | O82: 26189 | P82: 7795 | Q82: 1293 | R82: 0 | S82: 0 | T82: 0 | U82: 0 | V82: 0 | W82: 0 | X82: 0 | Y82: 0 | Z82: 0 | AA82: 0 | AB82: 0 | AC82: 0 | AD82: 0 | AE82: 0 | AF82: 0 | AG82: 0 | AH82: 0 | AI82: 0 | AJ82: 0 | AK82: 0
A83: Arizona | B83: Total electric industry sales | C83: 90843288 | D83: 85918798 | E83: 84196517 | F83: 81219990 | G83: 81960074 | H83: 77929170 | I83: 78346302 | J83: 77646262 | K83: 78237828 | L83: 77349416 | M83: 76297685 | N83: 75662037 | O83: 75063343 | P83: 74943645 | Q83: 72833030 | R83: 73432929 | S83: 76267916 | T83: 77193206 | U83: 73252776 | V83: 69390686 | W83: 66933251 | X83: 64079560 | Y83: 62600737 | Z83: 62281754 | AA83: 61130045 | AB83: 57661946 | AC83: 55843277 | AD83: 54455835 | AE83: 52084539 | AF83: 48588969 | AG83: 47282035 | AH83: 44407854 | AI83: 43651272 | AJ83: 41848417 | AK83: 41469585
A84: Arizona | B84: Direct use | C84: 549614 | D84: 164805 | E84: 223167 | F84: 219707 | G84: 220728 | H84: 233619 | I84: 198593 | J84: 200818 | K84: 226135 | L84: 215920 | M84: 201071 | N84: 228315 | O84: 340733 | P84: 399316 | Q84: 408959 | R84: 344107 | S84: 455943 | T84: 493500 | U84: 268615 | V84: 501869 | W84: 374187 | X84: 373797 | Y84: 369110 | Z84: 361257 | AA84: 368812 | AB84: 363441 | AC84: 385928 | AD84: 381862 | AE84: 382802 | AF84: 390273 | AG84: 425142 | AH84: 409151 | AI84: 404400 | AJ84: 403937 | AK84: 446499
A85: Arizona | B85: Total international exports | C85: 2384 | D85: 3735 | E85: 3803 | F85: 3466 | G85: 3199 | H85: 2815 | I85: 35544 | J85: 1158 | K85: 3584 | L85: 1450 | M85: 9889 | N85: 26517 | O85: 66437 | P85: 70782 | Q85: 180279 | R85: 354017 | S85: 350592 | T85: 221286 | U85: 309778 | V85: 182646 | W85: 93550 | X85: 71059 | Y85: 68525 | Z85: 0 | AA85: 0 | AB85: 0 | AC85: 0 | AD85: 48360 | AE85: 2641 | AF85: 567 | AG85: 2488 | AH85: 2255 | AI85: 2166 | AJ85: 2177 | AK85: 2074
A86: Arizona | B86: Estimated losses | C86: 4238707 | D86: 3805100 | E86: 4554313 | F86: 3821114 | G86: 4564706 | H86: 4225622 | I86: 4040918 | J86: 4223835 | K86: 4083317 | L86: 3858626 | M86: 3972816 | N86: 4064537 | O86: 4064977 | P86: 4631040 | Q86: 4499462 | R86: 4674551 | S86: 4858304 | T86: 4885749 | U86: 4749627 | V86: 4637778 | W86: 4904601 | X86: 4705242 | Y86: 4695658 | Z86: 4870649 | AA86: 4754895 | AB86: 4523703 | AC86: 3970887 | AD86: 4105804 | AE86: 4042890 | AF86: 3708564 | AG86: 3591843 | AH86: 3554122 | AI86: 3450798 | AJ86: 3213322 | AK86: 3148404
A87: Arizona | B87: Unaccounted | C87: 719321 | D87: 435912 | E87: -152139 | F87: 518729 | G87: -123125 | H87: 194553 | I87: 489790 | J87: 541118 | K87: 970807 | L87: 1205538 | M87: 986507 | N87: 1141382 | O87: 1283610 | P87: 474772 | Q87: 639093 | R87: 661958 | S87: 996006 | T87: 1230277 | U87: 0 | V87: 0 | W87: 0 | X87: 0 | Y87: 0 | Z87: 0 | AA87: 0 | AB87: 0 | AC87: 0 | AD87: 0 | AE87: 0 | AF87: 0 | AG87: 0 | AH87: 0 | AI87: 0 | AJ87: 0 | AK87: 0
A88: Arizona | B88: Net interstate exports | C88: 19673197 | D88: 21510386 | E88: 15873112 | F88: 22821613 | G88: 22679474 | H88: 30966207 | I88: 28883640 | J88: 23299188 | K88: 25375831 | L88: 30529437 | M88: 30847567 | N88: 32236561 | O88: 30169213 | P88: 28103262 | Q88: 33439022 | R88: 32626672 | S88: 36618328 | T88: 29540165 | U88: 22704459 | V88: 24060096 | W88: 29498352 | X88: 23034492 | Y88: 24465961 | Z88: 21038692 | AA88: 20460223 | AB88: 19060974 | AC88: 19724756 | AD88: 17906853 | AE88: 13147230 | AF88: 15424142 | AG88: 18902659 | AH88: 18433896 | AI88: 21429218 | AJ88: 20437111 | AK88: 16314712
A89: Arizona | B89: Total disposition | C89: 116026511 | D89: 111838736 | E89: 104698773 | F89: 108604620 | G89: 109305057 | H89: 113551987 | I89: 111994787 | J89: 105912378 | K89: 108897502 | L89: 113160387 | M89: 112315535 | N89: 113359349 | O89: 110988314 | P89: 108622818 | Q89: 111999844 | R89: 112094234 | S89: 119547088 | T89: 113564183 | U89: 104520074 | V89: 101581768 | W89: 104735473 | X89: 94451403 | Y89: 94214312 | Z89: 89966224 | AA89: 88993795 | AB89: 83893173 | AC89: 82099071 | AD89: 78988401 | AE89: 71654818 | AF89: 70117456 | AG89: 71934517 | AH89: 68468986 | AI89: 70552727 | AJ89: 67311127 | AK89: 62774295
A90: Arizona | B90: Net interstate trade | C90: 19673197 | D90: 21510386 | E90: 15873112 | F90: 22821613 | G90: 22679474 | H90: 30966207 | I90: 28883640 | J90: 23299188 | K90: 25375831 | L90: 30529437 | M90: 30847567 | N90: 32236561 | O90: 30169213 | P90: 28103262 | Q90: 33439022 | R90: 32626672 | S90: 36618328 | T90: 29540165 | U90: 22704459 | V90: 24060096 | W90: 29498352 | X90: 23034492 | Y90: 24465961 | Z90: 21038692 | AA90: 20460223 | AB90: 19060974 | AC90: 19724756 | AD90: 17906853 | AE90: 13147230 | AF90: 15424142 | AG90: 18902659 | AH90: 18433896 | AI90: 21429218 | AJ90: 20437111 | AK90: 16314712
A91: Arizona | B91: Net trade index (ratio) | C91: 1.2 | D91: 1.24 | E91: 1.18 | F91: 1.27 | G91: 1.26 | H91: 1.37 | I91: 1.35 | J91: 1.28 | K91: 1.3 | L91: 1.37 | M91: 1.38 | N91: 1.4 | O91: 1.37 | P91: 1.35 | Q91: 1.43 | R91: 1.41 | S91: 1.44 | T91: 1.35 | U91: 1.28 | V91: 1.31 | W91: 1.39 | X91: 1.32 | Y91: 1.35 | Z91: 1.31 | AA91: 1.3 | AB91: 1.29 | AC91: 1.32 | AD91: 1.29 | AE91: 1.22 | AF91: 1.28 | AG91: 1.36 | AH91: 1.37 | AI91: 1.44 | AJ91: 1.44 | AK91: 1.35
A92: Arkansas | B92: Arkansas
A93: Arkansas | B93: megawatthours
A94: Arkansas | B94: Category | C94: Year 2024 | D94: Year 2023 | E94: Year 2022 | F94: Year 2021 | G94: Year 2020 | H94: Year 2019 | I94: Year 2018 | J94: Year 2017 | K94: Year 2016 | L94: Year 2015 | M94: Year 2014 | N94: Year 2013 | O94: Year 2012 | P94: Year 2011 | Q94: Year 2010 | R94: Year 2009 | S94: Year 2008 | T94: Year 2007 | U94: Year 2006 | V94: Year 2005 | W94: Year 2004 | X94: Year 2003 | Y94: Year 2002 | Z94: Year 2001 | AA94: Year 2000 | AB94: Year 1999 | AC94: Year 1998 | AD94: Year 1997 | AE94: Year 1996 | AF94: Year 1995 | AG94: Year 1994 | AH94: Year 1993 | AI94: Year 1992 | AJ94: Year 1991 | AK94: Year 1990
A95: Arkansas | B95: Supply
A96: Arkansas | B96: Generation
A97: Arkansas | B97: ..Electric utilities | C97: 54385955 | D97: 57014938 | E97: 58598394 | F97: 54354374 | G97: 48634848 | H97: 57343374 | I97: 59485255 | J97: 54209258 | K97: 43352105 | L97: 39538137 | M97: 48752895 | N97: 46547772 | O97: 44603847 | P97: 44714614 | Q97: 47108063 | R97: 45423149 | S97: 45880232 | T97: 45522928 | U97: 42068467 | V97: 40545220 | W97: 45055455 | X97: 41636514 | Y97: 42873364 | Z97: 44728133 | AA97: 41486451 | AB97: 44130705 | AC97: 43198908 | AD97: 42789637 | AE97: 43677535 | AF97: 39526825 | AG97: 39547768 | AH97: 38049072 | AI97: 37369823 | AJ97: 38365135 | AK97: 37053436
A98: Arkansas | B98: ..Independent power producers | C98: 5036141 | D98: 4006131 | E98: 4916261 | F98: 4597642 | G98: 3606951 | H98: 4259742 | I98: 5503233 | J98: 3661247 | K98: 14198248 | L98: 12944730 | M98: 9961883 | N98: 10369514 | O98: 16953039 | P98: 13204926 | Q98: 10731835 | R98: 8786161 | S98: 5939844 | T98: 6311131 | U98: 6966391 | V98: 3997057 | W98: 3203971 | X98: 5030391 | Y98: 1247325 | Z98: 31 | AA98: 156 | AB98: 1323 | AC98: 3100 | AD98: 4444 | AE98: 297 | AF98: 0 | AG98: 743 | AH98: 1534 | AI98: 136 | AJ98: 0 | AK98: 0
A99: Arkansas | B99: ..Combined heat and power, electric | C99: 1059673 | D99: 1213353 | E99: 1276484 | F99: 999324 | G99: 1210637 | H99: 1191544 | I99: 1325509 | J99: 1201212 | K99: 1256411 | L99: 1320374 | M99: 1089454 | N99: 1531003 | O99: 1500191 | P99: 1452214 | Q99: 1220329 | R99: 1361416 | S99: 1285899 | T99: 846958 | U99: 1150978 | V99: 1214876 | W99: 1435953 | X99: 1549514 | Y99: 1304071 | Z99: 538784 | AA99: 0 | AB99: 0 | AC99: 0 | AD99: 0 | AE99: 0 | AF99: 0 | AG99: 0 | AH99: 0 | AI99: 0 | AJ99: 0 | AK99: 0
A100: Arkansas | B100: Electric power sector generation subtotal | C100: 60481769 | D100: 62234422 | E100: 64791139 | F100: 59951340 | G100: 53452436 | H100: 62794660 | I100: 66313997 | J100: 59071717 | K100: 58806764 | L100: 53803241 | M100: 59804232 | N100: 58448289 | O100: 63057077 | P100: 59371754 | Q100: 59060227 | R100: 55570726 | S100: 53105975 | T100: 52681017 | U100: 50185836 | V100: 45757153 | W100: 49695379 | X100: 48216418 | Y100: 45424760 | Z100: 45266948 | AA100: 41486607 | AB100: 44132028 | AC100: 43202008 | AD100: 42794081 | AE100: 43677832 | AF100: 39526825 | AG100: 39548511 | AH100: 38050606 | AI100: 37369959 | AJ100: 38365135 | AK100: 37053436
...

Sheet BTaDLP
A1: Year | B1: 2020 | C1: 2021 | D1: 2022 | E1: 2023 | F1: 2024 | G1: 2025 | H1: 2026 | I1: 2027 | J1: 2028 | K1: 2029 | L1: 2030 | M1: 2031 | N1: 2032 | O1: 2033 | P1: 2034 | Q1: 2035 | R1: 2036 | S1: 2037 | T1: 2038 | U1: 2039 | V1: 2040 | W1: 2041 | X1: 2042 | Y1: 2043 | Z1: 2044 | AA1: 2045 | AB1: 2046 | AC1: 2047 | AD1: 2048 | AE1: 2049 | AF1: 2050
A2: Trans and Dist Loss Perc (dimensionless) | B2: =calc!F8 -> 0.054577808 | C2: =B2 -> 0.054577808 | D2: =C2 -> 0.054577808 | E2: =D2 -> 0.054577808 | F2: =E2 -> 0.054577808 | G2: =F2 -> 0.054577808 | H2: =G2 -> 0.054577808 | I2: =H2 -> 0.054577808 | J2: =I2 -> 0.054577808 | ... AF2: =AE2 -> 0.054577808
